[
  {
    "name": "bookmark-import-amount",
    "query": {
      "select": [
        "Country",
        "Company",
        "import.SUM"
      ],
      "from": "WorldStats",
      "where": [],
      "with": {
        "FX": {
          "currency": [
            "USD"
          ]
        }
      }
    }
  },
  {
    "name": "bookmark-export-amount",
    "query": {
      "select": [
        "Continent",
        "Company",
        "export.SUM"
      ],
      "from": "WorldStats",
      "where": [
        {
          "Continent": {
            "$in": [
              "Asia"
            ]
          }
        }
      ],
      "with": {
        "FX": {
          "currency": [
            "CNY"
          ]
        }
      }
    }
  },
  {
    "name": "bookmark-summary",
    "query": {
      "select": [
        "Continent",
        "Country",
        "export.SUM",
        "import.SUM"
      ],
      "from": "WorldStats",
      "where": [],
      "with": {
        "FX": {
          "currency": [
            "EUR"
          ]
        }
      }
    }
  }
]