{
  "datasets": [
    {
      "id": "worldstats",
      "columns": {
        "Continent": {
          "type": "string"
        },
        "Country": {
          "type": "string"
        },
        "Company": {
          "type": "string"
        },
        "import": {
          "type": "double"
        },
        "export": {
          "type": "double"
        }
      }
    }
  ],
  "aggregators": [
    "$sum",
    "$avg",
    "$max",
    "$min",
    "$count"
  ],
  "currencies": [
    "EUR",
    "USD",
    "CNY",
    "JPY",
    "BTC"
  ]
}