[
  {
    "Continent": "Europe",
    "Country": "France",
    "Company": "AA1",
    "import": 500.5,
    "export": 600.6
  },
  {
    "Continent": "Europe",
    "Country": "France",
    "Company": "AA2",
    "import": 489.5,
    "export": 569.6
  },
  {
    "Continent": "Europe",
    "Country": "France",
    "Company": "AA3",
    "import": 1250.5,
    "export": 2456.6
  },
  {
    "Continent": "Europe",
    "Country": "France",
    "Company": "AAA",
    "import": 500.5,
    "export": 600.6
  },
  {
    "Continent": "Europe",
    "Country": "France",
    "Company": "BBB",
    "import": 405.5,
    "export": 780.1
  },
  {
    "Continent": "Europe",
    "Country": "Spain",
    "Company": "EEE",
    "import": 4105.5,
    "export": 780.6
  },
  {
    "Continent": "Europe",
    "Country": "Italy",
    "Company": "EEE",
    "import": 105.5,
    "export": 180.6
  },
  {
    "Continent": "Asia",
    "Country": "Japan",
    "Company": "CCC",
    "import": 1402.5,
    "export": 2261.0
  },
  {
    "Continent": "Asia",
    "Country": "Korea",
    "Company": "DDD",
    "import": 2002.15,
    "export": 3261.0
  },
  {
    "Continent": "Asia",
    "Country": "China",
    "Company": "XXX",
    "import": 22002.15,
    "export": 13261.0
  },
  {
    "Continent": "America",
    "Country": "U.S.A",
    "Company": "UUU",
    "import": 19002.15,
    "export": 51261.0
  },
  {
    "Continent": "America",
    "Country": "U.S.A",
    "Company": "SSS",
    "import": 18002.16,
    "export": 55261.0
  }
]